EventId,Type,Severity,StartTime(UTC),EndTime(UTC),Precipitation(in),TimeZone,AirportCode,LocationLat,LocationLng,City,County,State,ZipCode
W-3490323,Snow,Moderate,1/1/22 2:53,1/1/22 4:53,0.11,US/Mountain,KDEN,39.8466,-104.6562,Denver,Denver,CO,80249
W-3490324,Snow,Light,1/1/22 4:53,1/1/22 20:06,0.22,US/Mountain,KDEN,39.8466,-104.6562,Denver,Denver,CO,80249
W-3490325,Snow,Light,1/5/22 21:40,1/6/22 0:45,0,US/Mountain,KDEN,39.8466,-104.6562,Denver,Denver,CO,80249
W-3490326,Snow,Moderate,1/6/22 0:45,1/6/22 1:22,0.07,US/Mountain,KDEN,39.8466,-104.6562,Denver,Denver,CO,80249
W-3490327,Snow,Light,1/6/22 1:22,1/6/22 1:44,0.01,US/Mountain,KDEN,39.8466,-104.6562,Denver,Denver,CO,80249
W-3490328,Snow,Moderate,1/6/22 1:44,1/6/22 3:53,0.1,US/Mountain,KDEN,39.8466,-104.6562,Denver,Denver,CO,80249
W-3490329,Snow,Light,1/6/22 3:53,1/6/22 14:53,0.14,US/Mountain,KDEN,39.8466,-104.6562,Denver,Denver,CO,80249
W-3490330,Snow,Light,1/9/22 1:14,1/9/22 1:41,0,US/Mountain,KDEN,39.8466,-104.6562,Denver,Denver,CO,80249
W-3490331,Fog,Severe,1/9/22 10:47,1/9/22 11:53,0,US/Mountain,KDEN,39.8466,-104.6562,Denver,Denver,CO,80249
W-3490332,Fog,Severe,1/9/22 12:53,1/9/22 16:17,0,US/Mountain,KDEN,39.8466,-104.6562,Denver,Denver,CO,80249
W-3490333,Snow,Light,1/14/22 21:28,1/14/22 22:27,0,US/Mountain,KDEN,39.8466,-104.6562,Denver,Denver,CO,80249
W-3490334,Fog,Severe,1/19/22 11:44,1/19/22 13:53,0,US/Mountain,KDEN,39.8466,-104.6562,Denver,Denver,CO,80249
W-3490335,Snow,Light,1/19/22 21:48,1/19/22 23:53,0,US/Mountain,KDEN,39.8466,-104.6562,Denver,Denver,CO,80249
W-3490336,Snow,Light,1/20/22 0:44,1/20/22 1:35,0,US/Mountain,KDEN,39.8466,-104.6562,Denver,Denver,CO,80249
W-3490337,Snow,Light,1/20/22 2:50,1/20/22 6:45,0,US/Mountain,KDEN,39.8466,-104.6562,Denver,Denver,CO,80249
W-3490338,Fog,Severe,1/20/22 13:41,1/20/22 13:47,0,US/Mountain,KDEN,39.8466,-104.6562,Denver,Denver,CO,80249
W-3490339,Snow,Light,1/20/22 13:53,1/20/22 15:43,0,US/Mountain,KDEN,39.8466,-104.6562,Denver,Denver,CO,80249
W-3490340,Fog,Severe,1/20/22 15:43,1/20/22 15:55,0,US/Mountain,KDEN,39.8466,-104.6562,Denver,Denver,CO,80249
W-3490341,Fog,Severe,1/20/22 22:53,1/21/22 2:42,0,US/Mountain,KDEN,39.8466,-104.6562,Denver,Denver,CO,80249
W-3490342,Snow,Light,1/21/22 2:42,1/21/22 2:53,0,US/Mountain,KDEN,39.8466,-104.6562,Denver,Denver,CO,80249
W-3490343,Fog,Severe,1/21/22 2:53,1/21/22 3:02,0,US/Mountain,KDEN,39.8466,-104.6562,Denver,Denver,CO,80249
W-3490344,Snow,Light,1/21/22 3:02,1/21/22 3:14,0,US/Mountain,KDEN,39.8466,-104.6562,Denver,Denver,CO,80249
W-3490345,Fog,Severe,1/21/22 3:14,1/21/22 5:13,0,US/Mountain,KDEN,39.8466,-104.6562,Denver,Denver,CO,80249
W-3490346,Fog,Severe,1/21/22 7:53,1/21/22 8:02,0,US/Mountain,KDEN,39.8466,-104.6562,Denver,Denver,CO,80249
W-3490347,Fog,Severe,1/21/22 13:36,1/21/22 16:24,0,US/Mountain,KDEN,39.8466,-104.6562,Denver,Denver,CO,80249
W-3490348,Snow,Light,1/21/22 19:03,1/21/22 21:53,0.01,US/Mountain,KDEN,39.8466,-104.6562,Denver,Denver,CO,80249
W-3490349,Fog,Severe,1/21/22 21:53,1/21/22 22:21,0,US/Mountain,KDEN,39.8466,-104.6562,Denver,Denver,CO,80249
W-3490350,Snow,Light,1/21/22 22:21,1/21/22 23:38,0,US/Mountain,KDEN,39.8466,-104.6562,Denver,Denver,CO,80249
W-3490351,Fog,Severe,1/21/22 23:38,1/22/22 0:49,0,US/Mountain,KDEN,39.8466,-104.6562,Denver,Denver,CO,80249
W-3490352,Snow,Light,1/25/22 10:30,1/25/22 12:53,0.03,US/Mountain,KDEN,39.8466,-104.6562,Denver,Denver,CO,80249
W-3490353,Snow,Moderate,1/25/22 12:53,1/25/22 14:16,0.21,US/Mountain,KDEN,39.8466,-104.6562,Denver,Denver,CO,80249
W-3490354,Snow,Light,1/25/22 14:16,1/25/22 14:53,0.02,US/Mountain,KDEN,39.8466,-104.6562,Denver,Denver,CO,80249
W-3490355,Snow,Moderate,1/25/22 14:53,1/25/22 15:01,0.04,US/Mountain,KDEN,39.8466,-104.6562,Denver,Denver,CO,80249
W-3490356,Snow,Light,1/25/22 15:01,1/25/22 15:39,0.01,US/Mountain,KDEN,39.8466,-104.6562,Denver,Denver,CO,80249
W-3490357,Snow,Moderate,1/25/22 15:39,1/25/22 16:19,0.09,US/Mountain,KDEN,39.8466,-104.6562,Denver,Denver,CO,80249
W-3490358,Snow,Light,1/25/22 16:19,1/25/22 16:36,0.02,US/Mountain,KDEN,39.8466,-104.6562,Denver,Denver,CO,80249
W-3490359,Snow,Moderate,1/25/22 16:36,1/25/22 17:16,0.06,US/Mountain,KDEN,39.8466,-104.6562,Denver,Denver,CO,80249
W-3490360,Snow,Light,1/25/22 17:16,1/25/22 20:53,0.08,US/Mountain,KDEN,39.8466,-104.6562,Denver,Denver,CO,80249
W-3490361,Snow,Light,1/25/22 21:41,1/25/22 21:53,0,US/Mountain,KDEN,39.8466,-104.6562,Denver,Denver,CO,80249
W-3490362,Snow,Light,1/27/22 14:53,1/27/22 17:29,0.07,US/Mountain,KDEN,39.8466,-104.6562,Denver,Denver,CO,80249
W-3490363,Snow,Moderate,1/27/22 17:29,1/27/22 18:12,0.09,US/Mountain,KDEN,39.8466,-104.6562,Denver,Denver,CO,80249
W-3490364,Snow,Light,1/27/22 18:12,1/27/22 18:53,0.02,US/Mountain,KDEN,39.8466,-104.6562,Denver,Denver,CO,80249
W-3490365,Snow,Moderate,1/27/22 18:53,1/27/22 19:07,0.05,US/Mountain,KDEN,39.8466,-104.6562,Denver,Denver,CO,80249
W-3490366,Snow,Light,1/27/22 19:07,1/27/22 20:09,0.03,US/Mountain,KDEN,39.8466,-104.6562,Denver,Denver,CO,80249
W-3490367,Snow,Light,2/1/22 22:53,2/2/22 23:46,0.32,US/Mountain,KDEN,39.8466,-104.6562,Denver,Denver,CO,80249
W-3490368,Fog,Severe,2/2/22 23:46,2/2/22 23:57,0,US/Mountain,KDEN,39.8466,-104.6562,Denver,Denver,CO,80249
W-3490369,Snow,Light,2/2/22 23:57,2/3/22 1:53,0,US/Mountain,KDEN,39.8466,-104.6562,Denver,Denver,CO,80249
W-3490370,Snow,Light,2/3/22 3:25,2/3/22 5:34,0,US/Mountain,KDEN,39.8466,-104.6562,Denver,Denver,CO,80249
W-3490371,Cold,Severe,2/3/22 11:53,2/3/22 12:53,0,US/Mountain,KDEN,39.8466,-104.6562,Denver,Denver,CO,80249
W-3490372,Snow,Light,2/10/22 3:49,2/10/22 4:07,0,US/Mountain,KDEN,39.8466,-104.6562,Denver,Denver,CO,80249
W-3490373,Snow,Light,2/10/22 4:53,2/10/22 5:40,0,US/Mountain,KDEN,39.8466,-104.6562,Denver,Denver,CO,80249
W-3490374,Snow,Light,2/11/22 19:46,2/11/22 21:53,0,US/Mountain,KDEN,39.8466,-104.6562,Denver,Denver,CO,80249
W-3490375,Snow,Moderate,2/11/22 21:53,2/11/22 23:10,0.24,US/Mountain,KDEN,39.8466,-104.6562,Denver,Denver,CO,80249
W-3490376,Snow,Light,2/11/22 23:10,2/12/22 1:45,0.08,US/Mountain,KDEN,39.8466,-104.6562,Denver,Denver,CO,80249
W-3490377,Snow,Moderate,2/12/22 1:45,2/12/22 2:00,0.11,US/Mountain,KDEN,39.8466,-104.6562,Denver,Denver,CO,80249
W-3490378,Snow,Light,2/12/22 2:00,2/12/22 4:21,0.1,US/Mountain,KDEN,39.8466,-104.6562,Denver,Denver,CO,80249
W-3490379,Snow,Light,2/12/22 5:01,2/12/22 5:37,0,US/Mountain,KDEN,39.8466,-104.6562,Denver,Denver,CO,80249
W-3490380,Snow,Light,2/12/22 6:41,2/12/22 6:49,0,US/Mountain,KDEN,39.8466,-104.6562,Denver,Denver,CO,80249
W-3490381,Snow,Light,2/16/22 21:11,2/16/22 22:15,0.01,US/Mountain,KDEN,39.8466,-104.6562,Denver,Denver,CO,80249
W-3490382,Fog,Severe,2/16/22 22:15,2/16/22 22:29,0,US/Mountain,KDEN,39.8466,-104.6562,Denver,Denver,CO,80249
W-3490383,Snow,Light,2/16/22 22:29,2/16/22 23:53,0.04,US/Mountain,KDEN,39.8466,-104.6562,Denver,Denver,CO,80249
W-3490384,Snow,Moderate,2/16/22 23:53,2/17/22 0:45,0.06,US/Mountain,KDEN,39.8466,-104.6562,Denver,Denver,CO,80249
W-3490385,Snow,Heavy,2/17/22 0:45,2/17/22 1:24,0.14,US/Mountain,KDEN,39.8466,-104.6562,Denver,Denver,CO,80249
W-3490386,Snow,Light,2/17/22 1:24,2/17/22 1:41,0.04,US/Mountain,KDEN,39.8466,-104.6562,Denver,Denver,CO,80249
W-3490387,Snow,Moderate,2/17/22 1:41,2/17/22 3:14,0.1,US/Mountain,KDEN,39.8466,-104.6562,Denver,Denver,CO,80249
W-3490388,Snow,Light,2/17/22 3:14,2/17/22 7:30,0.12,US/Mountain,KDEN,39.8466,-104.6562,Denver,Denver,CO,80249
W-3490389,Snow,Moderate,2/17/22 7:30,2/17/22 8:53,0.06,US/Mountain,KDEN,39.8466,-104.6562,Denver,Denver,CO,80249
W-3490390,Snow,Light,2/17/22 8:53,2/17/22 12:30,0,US/Mountain,KDEN,39.8466,-104.6562,Denver,Denver,CO,80249
W-3490391,Snow,Light,2/17/22 15:42,2/17/22 16:23,0,US/Mountain,KDEN,39.8466,-104.6562,Denver,Denver,CO,80249
W-3490392,Snow,Light,2/21/22 22:11,2/22/22 13:43,0.05,US/Mountain,KDEN,39.8466,-104.6562,Denver,Denver,CO,80249
W-3490393,Snow,Light,2/22/22 16:42,2/22/22 18:53,0.01,US/Mountain,KDEN,39.8466,-104.6562,Denver,Denver,CO,80249
W-3490394,Snow,Light,2/22/22 19:58,2/22/22 20:23,0,US/Mountain,KDEN,39.8466,-104.6562,Denver,Denver,CO,80249
W-3490395,Snow,Light,2/22/22 20:50,2/22/22 21:28,0,US/Mountain,KDEN,39.8466,-104.6562,Denver,Denver,CO,80249
W-3490396,Fog,Moderate,2/22/22 22:03,2/22/22 22:11,0,US/Mountain,KDEN,39.8466,-104.6562,Denver,Denver,CO,80249
W-3490397,Snow,Light,2/22/22 22:11,2/23/22 9:19,0.09,US/Mountain,KDEN,39.8466,-104.6562,Denver,Denver,CO,80249
W-3490398,Snow,Light,2/23/22 13:02,2/23/22 14:28,0,US/Mountain,KDEN,39.8466,-104.6562,Denver,Denver,CO,80249
W-3490399,Fog,Moderate,2/23/22 23:53,2/24/22 1:53,0,US/Mountain,KDEN,39.8466,-104.6562,Denver,Denver,CO,80249
W-3490400,Snow,Light,2/24/22 2:53,2/24/22 7:53,0.05,US/Mountain,KDEN,39.8466,-104.6562,Denver,Denver,CO,80249
W-3490401,Snow,Moderate,2/24/22 7:53,2/24/22 9:00,0.08,US/Mountain,KDEN,39.8466,-104.6562,Denver,Denver,CO,80249
W-3490402,Snow,Light,2/24/22 9:00,2/24/22 13:53,0.05,US/Mountain,KDEN,39.8466,-104.6562,Denver,Denver,CO,80249
W-3490403,Snow,Moderate,2/24/22 13:53,2/24/22 14:25,0.03,US/Mountain,KDEN,39.8466,-104.6562,Denver,Denver,CO,80249
W-3490404,Snow,Light,3/5/22 12:29,3/5/22 12:53,0,US/Mountain,KDEN,39.8466,-104.6562,Denver,Denver,CO,80249
W-3490405,Snow,Light,3/5/22 14:59,3/5/22 15:18,0,US/Mountain,KDEN,39.8466,-104.6562,Denver,Denver,CO,80249
W-3490406,Fog,Severe,3/5/22 16:11,3/5/22 16:47,0,US/Mountain,KDEN,39.8466,-104.6562,Denver,Denver,CO,80249
W-3490407,Snow,Light,3/5/22 16:47,3/5/22 18:14,0,US/Mountain,KDEN,39.8466,-104.6562,Denver,Denver,CO,80249
W-3490408,Snow,Light,3/6/22 4:15,3/6/22 5:35,0.03,US/Mountain,KDEN,39.8466,-104.6562,Denver,Denver,CO,80249
W-3490409,Snow,Heavy,3/6/22 5:35,3/6/22 5:58,0.18,US/Mountain,KDEN,39.8466,-104.6562,Denver,Denver,CO,80249
W-3490410,Snow,Light,3/6/22 5:58,3/6/22 6:15,0.01,US/Mountain,KDEN,39.8466,-104.6562,Denver,Denver,CO,80249
W-3490411,Snow,Moderate,3/6/22 6:15,3/6/22 6:53,0.1,US/Mountain,KDEN,39.8466,-104.6562,Denver,Denver,CO,80249
W-3490412,Snow,Light,3/6/22 7:34,3/6/22 8:00,0,US/Mountain,KDEN,39.8466,-104.6562,Denver,Denver,CO,80249
W-3490413,Snow,Light,3/6/22 11:40,3/7/22 3:53,0.18,US/Mountain,KDEN,39.8466,-104.6562,Denver,Denver,CO,80249
W-3490414,Fog,Severe,3/9/22 10:02,3/9/22 11:53,0,US/Mountain,KDEN,39.8466,-104.6562,Denver,Denver,CO,80249
W-3490415,Snow,Light,3/9/22 12:53,3/10/22 0:40,0.11,US/Mountain,KDEN,39.8466,-104.6562,Denver,Denver,CO,80249
W-3490416,Snow,Moderate,3/10/22 0:40,3/10/22 1:00,0.07,US/Mountain,KDEN,39.8466,-104.6562,Denver,Denver,CO,80249
W-3490417,Snow,Light,3/10/22 1:00,3/10/22 7:42,0.04,US/Mountain,KDEN,39.8466,-104.6562,Denver,Denver,CO,80249
W-3490418,Rain,Light,3/17/22 0:53,3/17/22 2:50,0,US/Mountain,KDEN,39.8466,-104.6562,Denver,Denver,CO,80249
W-3490419,Rain,Light,3/17/22 3:53,3/17/22 5:53,0.1,US/Mountain,KDEN,39.8466,-104.6562,Denver,Denver,CO,80249
W-3490420,Snow,Moderate,3/17/22 6:25,3/17/22 6:53,0.06,US/Mountain,KDEN,39.8466,-104.6562,Denver,Denver,CO,80249
W-3490421,Snow,Heavy,3/17/22 6:53,3/17/22 9:21,0.39,US/Mountain,KDEN,39.8466,-104.6562,Denver,Denver,CO,80249
W-3490422,Snow,Light,3/17/22 9:21,3/17/22 9:53,0.02,US/Mountain,KDEN,39.8466,-104.6562,Denver,Denver,CO,80249
W-3490423,Snow,Moderate,3/17/22 9:53,3/17/22 10:53,0.03,US/Mountain,KDEN,39.8466,-104.6562,Denver,Denver,CO,80249
W-3490424,Snow,Light,3/17/22 10:53,3/17/22 20:53,0.08,US/Mountain,KDEN,39.8466,-104.6562,Denver,Denver,CO,80249
W-3490425,Fog,Severe,3/17/22 20:53,3/17/22 20:57,0,US/Mountain,KDEN,39.8466,-104.6562,Denver,Denver,CO,80249
W-3490426,Snow,Light,3/18/22 5:11,3/18/22 6:31,0,US/Mountain,KDEN,39.8466,-104.6562,Denver,Denver,CO,80249
W-3490427,Snow,Light,3/21/22 13:07,3/21/22 14:05,0,US/Mountain,KDEN,39.8466,-104.6562,Denver,Denver,CO,80249
W-3490428,Snow,Light,3/21/22 16:06,3/21/22 17:47,0,US/Mountain,KDEN,39.8466,-104.6562,Denver,Denver,CO,80249
W-3490429,Snow,Light,3/22/22 18:10,3/22/22 18:49,0,US/Mountain,KDEN,39.8466,-104.6562,Denver,Denver,CO,80249
W-3490430,Snow,Light,3/22/22 20:41,3/22/22 20:56,0,US/Mountain,KDEN,39.8466,-104.6562,Denver,Denver,CO,80249
W-3490431,Snow,Light,3/22/22 21:06,3/22/22 21:30,0,US/Mountain,KDEN,39.8466,-104.6562,Denver,Denver,CO,80249
W-3490432,Rain,Light,3/22/22 21:30,3/22/22 21:53,0,US/Mountain,KDEN,39.8466,-104.6562,Denver,Denver,CO,80249
W-3490433,Snow,Light,3/22/22 21:57,3/22/22 22:12,0,US/Mountain,KDEN,39.8466,-104.6562,Denver,Denver,CO,80249
W-3490434,Snow,Light,3/22/22 22:28,3/22/22 22:33,0,US/Mountain,KDEN,39.8466,-104.6562,Denver,Denver,CO,80249
W-3490435,Snow,Light,3/22/22 23:04,3/22/22 23:23,0,US/Mountain,KDEN,39.8466,-104.6562,Denver,Denver,CO,80249
W-3490436,Storm,Severe,3/22/22 23:39,3/22/22 23:53,0,US/Mountain,KDEN,39.8466,-104.6562,Denver,Denver,CO,80249
W-3490437,Storm,Severe,3/23/22 16:53,3/23/22 19:53,0,US/Mountain,KDEN,39.8466,-104.6562,Denver,Denver,CO,80249
W-3490438,Rain,Light,3/29/22 15:53,3/29/22 16:53,0,US/Mountain,KDEN,39.8466,-104.6562,Denver,Denver,CO,80249
W-3490439,Rain,Light,3/29/22 17:53,3/29/22 21:53,0.07,US/Mountain,KDEN,39.8466,-104.6562,Denver,Denver,CO,80249
W-3490440,Rain,Light,3/29/22 22:33,3/29/22 23:36,0.07,US/Mountain,KDEN,39.8466,-104.6562,Denver,Denver,CO,80249
W-3490441,Rain,Light,3/30/22 0:32,3/30/22 0:53,0,US/Mountain,KDEN,39.8466,-104.6562,Denver,Denver,CO,80249
W-3490442,Snow,Light,3/30/22 1:41,3/30/22 1:45,0,US/Mountain,KDEN,39.8466,-104.6562,Denver,Denver,CO,80249
W-3490443,Snow,Light,3/30/22 1:53,3/30/22 3:47,0.01,US/Mountain,KDEN,39.8466,-104.6562,Denver,Denver,CO,80249
W-3490444,Snow,Moderate,3/30/22 3:47,3/30/22 4:42,0.06,US/Mountain,KDEN,39.8466,-104.6562,Denver,Denver,CO,80249
W-3490445,Snow,Light,3/30/22 4:42,3/30/22 5:18,0.02,US/Mountain,KDEN,39.8466,-104.6562,Denver,Denver,CO,80249
W-3490446,Snow,Light,3/31/22 0:53,3/31/22 1:01,0,US/Mountain,KDEN,39.8466,-104.6562,Denver,Denver,CO,80249
W-3490447,Rain,Light,4/5/22 17:53,4/5/22 18:53,0,US/Mountain,KDEN,39.8466,-104.6562,Denver,Denver,CO,80249
W-3490448,Storm,Severe,4/5/22 22:29,4/5/22 22:53,0,US/Mountain,KDEN,39.8466,-104.6562,Denver,Denver,CO,80249
W-3490449,Rain,Light,4/10/22 8:53,4/10/22 9:11,0,US/Mountain,KDEN,39.8466,-104.6562,Denver,Denver,CO,80249
W-3490450,Rain,Light,4/10/22 10:09,4/10/22 10:53,0,US/Mountain,KDEN,39.8466,-104.6562,Denver,Denver,CO,80249
W-3490451,Storm,Severe,4/10/22 21:53,4/10/22 22:35,0,US/Mountain,KDEN,39.8466,-104.6562,Denver,Denver,CO,80249
W-3490452,Rain,Light,4/17/22 7:53,4/17/22 8:53,0,US/Mountain,KDEN,39.8466,-104.6562,Denver,Denver,CO,80249
W-3490453,Storm,Severe,4/17/22 22:53,4/17/22 23:53,0,US/Mountain,KDEN,39.8466,-104.6562,Denver,Denver,CO,80249
W-3490454,Rain,Light,4/27/22 22:16,4/27/22 22:53,0,US/Mountain,KDEN,39.8466,-104.6562,Denver,Denver,CO,80249
W-3490455,Rain,Light,4/29/22 19:12,4/29/22 19:30,0.05,US/Mountain,KDEN,39.8466,-104.6562,Denver,Denver,CO,80249
W-3490456,Rain,Light,5/2/22 4:53,5/2/22 5:53,0.03,US/Mountain,KDEN,39.8466,-104.6562,Denver,Denver,CO,80249
W-3490457,Rain,Light,5/2/22 6:22,5/2/22 6:53,0.02,US/Mountain,KDEN,39.8466,-104.6562,Denver,Denver,CO,80249
W-3490458,Rain,Moderate,5/2/22 7:29,5/2/22 7:38,0.12,US/Mountain,KDEN,39.8466,-104.6562,Denver,Denver,CO,80249
W-3490459,Rain,Moderate,5/2/22 7:53,5/2/22 8:01,0.25,US/Mountain,KDEN,39.8466,-104.6562,Denver,Denver,CO,80249
W-3490460,Rain,Light,5/2/22 8:01,5/2/22 8:28,0.12,US/Mountain,KDEN,39.8466,-104.6562,Denver,Denver,CO,80249
W-3490461,Rain,Moderate,5/2/22 8:28,5/2/22 9:00,0.57,US/Mountain,KDEN,39.8466,-104.6562,Denver,Denver,CO,80249
W-3490462,Rain,Light,5/2/22 9:00,5/2/22 12:20,0.35,US/Mountain,KDEN,39.8466,-104.6562,Denver,Denver,CO,80249
W-3490463,Rain,Light,5/2/22 12:53,5/2/22 13:45,0,US/Mountain,KDEN,39.8466,-104.6562,Denver,Denver,CO,80249
W-3490464,Snow,Light,5/2/22 14:05,5/2/22 14:09,0.02,US/Mountain,KDEN,39.8466,-104.6562,Denver,Denver,CO,80249
W-3490465,Snow,Moderate,5/2/22 14:09,5/2/22 14:32,0.03,US/Mountain,KDEN,39.8466,-104.6562,Denver,Denver,CO,80249
W-3490466,Snow,Heavy,5/2/22 14:32,5/2/22 14:53,0.14,US/Mountain,KDEN,39.8466,-104.6562,Denver,Denver,CO,80249
W-3490467,Fog,Severe,5/2/22 14:53,5/2/22 15:06,0,US/Mountain,KDEN,39.8466,-104.6562,Denver,Denver,CO,80249
W-3490468,Snow,Light,5/2/22 15:06,5/2/22 15:33,0,US/Mountain,KDEN,39.8466,-104.6562,Denver,Denver,CO,80249
W-3490469,Rain,Light,5/2/22 15:33,5/2/22 16:17,0,US/Mountain,KDEN,39.8466,-104.6562,Denver,Denver,CO,80249
W-3490470,Fog,Severe,5/3/22 8:34,5/3/22 10:10,0,US/Mountain,KDEN,39.8466,-104.6562,Denver,Denver,CO,80249
W-3490471,Rain,Light,5/4/22 6:53,5/4/22 7:40,0.02,US/Mountain,KDEN,39.8466,-104.6562,Denver,Denver,CO,80249
W-3490472,Fog,Severe,5/4/22 12:37,5/4/22 14:50,0,US/Mountain,KDEN,39.8466,-104.6562,Denver,Denver,CO,80249
W-3490473,Rain,Light,5/4/22 17:45,5/4/22 19:34,0.05,US/Mountain,KDEN,39.8466,-104.6562,Denver,Denver,CO,80249
W-3490474,Rain,Light,5/5/22 6:53,5/5/22 7:53,0.05,US/Mountain,KDEN,39.8466,-104.6562,Denver,Denver,CO,80249
W-3490475,Storm,Severe,5/8/22 1:09,5/8/22 1:53,0,US/Mountain,KDEN,39.8466,-104.6562,Denver,Denver,CO,80249
W-3490476,Fog,Moderate,5/20/22 2:37,5/20/22 2:44,0,US/Mountain,KDEN,39.8466,-104.6562,Denver,Denver,CO,80249
W-3490477,Snow,Light,5/20/22 11:13,5/20/22 11:53,0,US/Mountain,KDEN,39.8466,-104.6562,Denver,Denver,CO,80249
W-3490478,Rain,Light,5/20/22 12:12,5/20/22 12:53,0,US/Mountain,KDEN,39.8466,-104.6562,Denver,Denver,CO,80249
W-3490479,Rain,Light,5/20/22 14:53,5/20/22 16:24,0,US/Mountain,KDEN,39.8466,-104.6562,Denver,Denver,CO,80249
W-3490480,Snow,Moderate,5/20/22 19:49,5/20/22 19:57,0.06,US/Mountain,KDEN,39.8466,-104.6562,Denver,Denver,CO,80249
W-3490481,Snow,Light,5/20/22 19:57,5/20/22 20:53,0.01,US/Mountain,KDEN,39.8466,-104.6562,Denver,Denver,CO,80249
W-3490482,Snow,Moderate,5/20/22 20:53,5/20/22 21:17,0.05,US/Mountain,KDEN,39.8466,-104.6562,Denver,Denver,CO,80249
W-3490483,Snow,Light,5/20/22 21:17,5/20/22 23:42,0.11,US/Mountain,KDEN,39.8466,-104.6562,Denver,Denver,CO,80249
W-3490484,Snow,Moderate,5/20/22 23:42,5/21/22 1:14,0.11,US/Mountain,KDEN,39.8466,-104.6562,Denver,Denver,CO,80249
W-3490485,Snow,Light,5/21/22 1:14,5/21/22 1:53,0.01,US/Mountain,KDEN,39.8466,-104.6562,Denver,Denver,CO,80249
W-3490486,Snow,Moderate,5/21/22 1:53,5/21/22 3:04,0.08,US/Mountain,KDEN,39.8466,-104.6562,Denver,Denver,CO,80249
W-3490487,Snow,Light,5/21/22 3:04,5/21/22 3:53,0.03,US/Mountain,KDEN,39.8466,-104.6562,Denver,Denver,CO,80249
W-3490488,Snow,Moderate,5/21/22 3:53,5/21/22 4:03,0.03,US/Mountain,KDEN,39.8466,-104.6562,Denver,Denver,CO,80249
W-3490489,Snow,Light,5/21/22 4:03,5/21/22 4:53,0.03,US/Mountain,KDEN,39.8466,-104.6562,Denver,Denver,CO,80249
W-3490490,Snow,Moderate,5/21/22 4:53,5/21/22 5:53,0.12,US/Mountain,KDEN,39.8466,-104.6562,Denver,Denver,CO,80249
W-3490491,Snow,Heavy,5/21/22 5:53,5/21/22 6:13,0.08,US/Mountain,KDEN,39.8466,-104.6562,Denver,Denver,CO,80249
W-3490492,Snow,Light,5/21/22 6:13,5/21/22 6:35,0.02,US/Mountain,KDEN,39.8466,-104.6562,Denver,Denver,CO,80249
W-3490493,Snow,Moderate,5/21/22 6:35,5/21/22 8:10,0.1,US/Mountain,KDEN,39.8466,-104.6562,Denver,Denver,CO,80249
W-3490494,Snow,Light,5/21/22 8:10,5/21/22 11:22,0.2,US/Mountain,KDEN,39.8466,-104.6562,Denver,Denver,CO,80249
W-3490495,Snow,Light,5/21/22 11:43,5/21/22 12:53,0.02,US/Mountain,KDEN,39.8466,-104.6562,Denver,Denver,CO,80249
W-3490496,Fog,Severe,5/24/22 11:12,5/24/22 12:11,0,US/Mountain,KDEN,39.8466,-104.6562,Denver,Denver,CO,80249
W-3490497,Fog,Severe,5/24/22 12:40,5/24/22 14:53,0,US/Mountain,KDEN,39.8466,-104.6562,Denver,Denver,CO,80249
W-3490498,Rain,Light,5/29/22 21:18,5/29/22 21:38,0,US/Mountain,KDEN,39.8466,-104.6562,Denver,Denver,CO,80249
W-3490499,Rain,Light,5/29/22 22:53,5/29/22 23:05,0,US/Mountain,KDEN,39.8466,-104.6562,Denver,Denver,CO,80249
W-3490500,Rain,Light,5/29/22 23:53,5/30/22 0:35,0,US/Mountain,KDEN,39.8466,-104.6562,Denver,Denver,CO,80249
W-3490501,Rain,Light,5/30/22 3:53,5/30/22 4:53,0.02,US/Mountain,KDEN,39.8466,-104.6562,Denver,Denver,CO,80249
W-3490502,Rain,Light,5/30/22 8:53,5/30/22 9:53,0,US/Mountain,KDEN,39.8466,-104.6562,Denver,Denver,CO,80249
W-3490503,Rain,Light,5/31/22 22:53,6/1/22 2:53,0.37,US/Mountain,KDEN,39.8466,-104.6562,Denver,Denver,CO,80249
W-3490504,Rain,Moderate,6/1/22 2:53,6/1/22 3:24,0.11,US/Mountain,KDEN,39.8466,-104.6562,Denver,Denver,CO,80249
W-3490505,Rain,Light,6/1/22 3:24,6/1/22 3:53,0.08,US/Mountain,KDEN,39.8466,-104.6562,Denver,Denver,CO,80249
W-3490506,Rain,Moderate,6/1/22 3:53,6/1/22 4:33,0.13,US/Mountain,KDEN,39.8466,-104.6562,Denver,Denver,CO,80249
W-3490507,Rain,Light,6/1/22 4:33,6/1/22 5:53,0.09,US/Mountain,KDEN,39.8466,-104.6562,Denver,Denver,CO,80249
W-3490508,Rain,Moderate,6/1/22 5:53,6/1/22 6:53,0.11,US/Mountain,KDEN,39.8466,-104.6562,Denver,Denver,CO,80249
W-3490509,Rain,Light,6/1/22 6:53,6/1/22 15:53,0.53,US/Mountain,KDEN,39.8466,-104.6562,Denver,Denver,CO,80249
W-3490510,Rain,Moderate,6/1/22 15:53,6/1/22 16:20,0.1,US/Mountain,KDEN,39.8466,-104.6562,Denver,Denver,CO,80249
W-3490511,Rain,Light,6/1/22 16:20,6/1/22 16:53,0.04,US/Mountain,KDEN,39.8466,-104.6562,Denver,Denver,CO,80249
W-3490512,Rain,Light,6/3/22 22:53,6/3/22 23:18,0,US/Mountain,KDEN,39.8466,-104.6562,Denver,Denver,CO,80249
W-3490513,Rain,Light,6/6/22 2:53,6/6/22 3:53,0,US/Mountain,KDEN,39.8466,-104.6562,Denver,Denver,CO,80249
W-3490514,Rain,Light,6/6/22 22:26,6/6/22 22:53,0,US/Mountain,KDEN,39.8466,-104.6562,Denver,Denver,CO,80249
W-3490515,Rain,Light,6/6/22 23:48,6/6/22 23:53,0,US/Mountain,KDEN,39.8466,-104.6562,Denver,Denver,CO,80249
W-3490516,Rain,Light,6/13/22 0:43,6/13/22 1:11,0.01,US/Mountain,KDEN,39.8466,-104.6562,Denver,Denver,CO,80249
W-3490517,Rain,Light,6/25/22 1:53,6/25/22 2:53,0,US/Mountain,KDEN,39.8466,-104.6562,Denver,Denver,CO,80249
W-3490518,Rain,Light,6/30/22 4:45,6/30/22 4:53,0.02,US/Mountain,KDEN,39.8466,-104.6562,Denver,Denver,CO,80249
W-3490519,Rain,Light,6/30/22 19:53,6/30/22 20:53,0,US/Mountain,KDEN,39.8466,-104.6562,Denver,Denver,CO,80249
W-3490520,Rain,Light,7/2/22 2:53,7/2/22 3:00,0,US/Mountain,KDEN,39.8466,-104.6562,Denver,Denver,CO,80249
W-3490521,Rain,Light,7/4/22 1:53,7/4/22 2:53,0,US/Mountain,KDEN,39.8466,-104.6562,Denver,Denver,CO,80249
W-3490522,Rain,Light,7/5/22 3:58,7/5/22 5:53,0,US/Mountain,KDEN,39.8466,-104.6562,Denver,Denver,CO,80249
W-3490523,Rain,Light,7/5/22 22:40,7/5/22 23:53,0,US/Mountain,KDEN,39.8466,-104.6562,Denver,Denver,CO,80249
W-3490524,Rain,Light,7/7/22 0:03,7/7/22 1:15,0,US/Mountain,KDEN,39.8466,-104.6562,Denver,Denver,CO,80249
W-3490525,Rain,Light,7/7/22 1:29,7/7/22 1:36,0.01,US/Mountain,KDEN,39.8466,-104.6562,Denver,Denver,CO,80249
W-3490526,Rain,Light,7/7/22 23:15,7/7/22 23:18,0,US/Mountain,KDEN,39.8466,-104.6562,Denver,Denver,CO,80249
W-3490527,Hail,Other,7/7/22 23:18,7/7/22 23:20,0,US/Mountain,KDEN,39.8466,-104.6562,Denver,Denver,CO,80249
W-3490528,Precipitation,UNK,7/7/22 23:32,7/7/22 23:57,0.59,US/Mountain,KDEN,39.8466,-104.6562,Denver,Denver,CO,80249
W-3490529,Rain,Light,7/11/22 1:20,7/11/22 1:43,0.03,US/Mountain,KDEN,39.8466,-104.6562,Denver,Denver,CO,80249
W-3490530,Rain,Light,7/13/22 0:40,7/13/22 1:26,0,US/Mountain,KDEN,39.8466,-104.6562,Denver,Denver,CO,80249
W-3490531,Rain,Light,7/15/22 0:32,7/15/22 1:15,0,US/Mountain,KDEN,39.8466,-104.6562,Denver,Denver,CO,80249
W-3490532,Rain,Light,7/15/22 1:41,7/15/22 4:53,0.01,US/Mountain,KDEN,39.8466,-104.6562,Denver,Denver,CO,80249
W-3490533,Rain,Light,7/16/22 0:44,7/16/22 0:53,0,US/Mountain,KDEN,39.8466,-104.6562,Denver,Denver,CO,80249
W-3490534,Rain,Light,7/16/22 1:53,7/16/22 2:53,0,US/Mountain,KDEN,39.8466,-104.6562,Denver,Denver,CO,80249
W-3490535,Rain,Light,7/16/22 6:53,7/16/22 7:53,0,US/Mountain,KDEN,39.8466,-104.6562,Denver,Denver,CO,80249
W-3490536,Rain,Light,7/18/22 21:27,7/18/22 21:53,0,US/Mountain,KDEN,39.8466,-104.6562,Denver,Denver,CO,80249
W-3490537,Rain,Light,7/19/22 1:14,7/19/22 1:53,0,US/Mountain,KDEN,39.8466,-104.6562,Denver,Denver,CO,80249
W-3490538,Rain,Light,7/19/22 23:31,7/19/22 23:45,0,US/Mountain,KDEN,39.8466,-104.6562,Denver,Denver,CO,80249
W-3490539,Rain,Light,7/20/22 3:17,7/20/22 3:34,0,US/Mountain,KDEN,39.8466,-104.6562,Denver,Denver,CO,80249
W-3490540,Rain,Light,7/21/22 1:22,7/21/22 2:53,0,US/Mountain,KDEN,39.8466,-104.6562,Denver,Denver,CO,80249
W-3490541,Rain,Light,7/23/22 23:02,7/23/22 23:24,0,US/Mountain,KDEN,39.8466,-104.6562,Denver,Denver,CO,80249
W-3490542,Rain,Light,7/23/22 23:40,7/24/22 0:53,0,US/Mountain,KDEN,39.8466,-104.6562,Denver,Denver,CO,80249
W-3490543,Rain,Light,7/24/22 3:53,7/24/22 5:12,0.07,US/Mountain,KDEN,39.8466,-104.6562,Denver,Denver,CO,80249
W-3490544,Rain,Light,7/24/22 23:53,7/25/22 0:53,0,US/Mountain,KDEN,39.8466,-104.6562,Denver,Denver,CO,80249
W-3490545,Rain,Light,7/25/22 1:53,7/25/22 2:53,0.01,US/Mountain,KDEN,39.8466,-104.6562,Denver,Denver,CO,80249
W-3490546,Rain,Light,7/27/22 4:11,7/27/22 4:17,0,US/Mountain,KDEN,39.8466,-104.6562,Denver,Denver,CO,80249
W-3490547,Rain,Light,7/28/22 12:02,7/28/22 12:53,0.03,US/Mountain,KDEN,39.8466,-104.6562,Denver,Denver,CO,80249
W-3490548,Rain,Moderate,7/30/22 0:29,7/30/22 0:53,0.38,US/Mountain,KDEN,39.8466,-104.6562,Denver,Denver,CO,80249
W-3490549,Precipitation,UNK,7/30/22 0:53,7/30/22 1:53,0.19,US/Mountain,KDEN,39.8466,-104.6562,Denver,Denver,CO,80249
W-3490550,Rain,Light,8/4/22 1:41,8/4/22 2:53,0,US/Mountain,KDEN,39.8466,-104.6562,Denver,Denver,CO,80249
W-3490551,Rain,Light,8/7/22 4:17,8/7/22 5:53,0.08,US/Mountain,KDEN,39.8466,-104.6562,Denver,Denver,CO,80249
W-3490552,Rain,Light,8/8/22 2:04,8/8/22 2:53,0,US/Mountain,KDEN,39.8466,-104.6562,Denver,Denver,CO,80249
W-3490553,Rain,Light,8/8/22 3:10,8/8/22 3:53,0,US/Mountain,KDEN,39.8466,-104.6562,Denver,Denver,CO,80249
W-3490554,Rain,Light,8/8/22 4:53,8/8/22 5:53,0,US/Mountain,KDEN,39.8466,-104.6562,Denver,Denver,CO,80249
W-3490555,Rain,Light,8/14/22 22:53,8/14/22 23:53,0,US/Mountain,KDEN,39.8466,-104.6562,Denver,Denver,CO,80249
W-3490556,Rain,Light,8/15/22 6:41,8/15/22 7:09,0,US/Mountain,KDEN,39.8466,-104.6562,Denver,Denver,CO,80249
W-3490557,Rain,Light,8/15/22 23:50,8/16/22 0:03,0,US/Mountain,KDEN,39.8466,-104.6562,Denver,Denver,CO,80249
W-3490558,Rain,Light,8/16/22 0:27,8/16/22 3:53,0.13,US/Mountain,KDEN,39.8466,-104.6562,Denver,Denver,CO,80249
W-3490559,Rain,Light,8/16/22 7:53,8/16/22 8:53,0,US/Mountain,KDEN,39.8466,-104.6562,Denver,Denver,CO,80249
W-3490560,Rain,Light,8/16/22 16:06,8/16/22 17:23,0.02,US/Mountain,KDEN,39.8466,-104.6562,Denver,Denver,CO,80249
W-3490561,Rain,Light,8/16/22 17:53,8/16/22 20:53,0.11,US/Mountain,KDEN,39.8466,-104.6562,Denver,Denver,CO,80249
W-3490562,Fog,Severe,8/17/22 13:49,8/17/22 16:34,0,US/Mountain,KDEN,39.8466,-104.6562,Denver,Denver,CO,80249
W-3490563,Rain,Light,8/21/22 0:53,8/21/22 1:21,0,US/Mountain,KDEN,39.8466,-104.6562,Denver,Denver,CO,80249
W-3490564,Precipitation,UNK,8/21/22 23:08,8/22/22 0:53,3.6,US/Mountain,KDEN,39.8466,-104.6562,Denver,Denver,CO,80249
W-3490565,Rain,Light,8/22/22 0:53,8/22/22 1:09,0.05,US/Mountain,KDEN,39.8466,-104.6562,Denver,Denver,CO,80249
W-3490566,Rain,Light,8/22/22 1:21,8/22/22 2:53,0.09,US/Mountain,KDEN,39.8466,-104.6562,Denver,Denver,CO,80249
W-3490567,Rain,Light,8/25/22 23:53,8/26/22 0:53,0,US/Mountain,KDEN,39.8466,-104.6562,Denver,Denver,CO,80249
W-3490568,Rain,Light,8/26/22 2:53,8/26/22 3:53,0,US/Mountain,KDEN,39.8466,-104.6562,Denver,Denver,CO,80249
W-3490569,Rain,Light,8/28/22 23:48,8/28/22 23:57,0,US/Mountain,KDEN,39.8466,-104.6562,Denver,Denver,CO,80249
W-3490570,Rain,Light,8/29/22 0:18,8/29/22 0:20,0,US/Mountain,KDEN,39.8466,-104.6562,Denver,Denver,CO,80249
W-3490571,Rain,Light,8/29/22 1:15,8/29/22 1:53,0,US/Mountain,KDEN,39.8466,-104.6562,Denver,Denver,CO,80249
W-3490572,Rain,Light,9/3/22 3:53,9/3/22 4:31,0,US/Mountain,KDEN,39.8466,-104.6562,Denver,Denver,CO,80249
W-3490573,Precipitation,UNK,9/3/22 4:31,9/3/22 5:13,1.07,US/Mountain,KDEN,39.8466,-104.6562,Denver,Denver,CO,80249
W-3490574,Rain,Light,9/3/22 5:13,9/3/22 6:53,0.13,US/Mountain,KDEN,39.8466,-104.6562,Denver,Denver,CO,80249
W-3490575,Rain,Light,9/10/22 2:53,9/10/22 4:28,0.02,US/Mountain,KDEN,39.8466,-104.6562,Denver,Denver,CO,80249
W-3490576,Rain,Light,9/10/22 4:53,9/10/22 6:49,0.05,US/Mountain,KDEN,39.8466,-104.6562,Denver,Denver,CO,80249
W-3490577,Fog,Severe,9/10/22 6:49,9/10/22 9:17,0,US/Mountain,KDEN,39.8466,-104.6562,Denver,Denver,CO,80249
W-3490578,Rain,Light,9/10/22 9:53,9/10/22 14:53,0.23,US/Mountain,KDEN,39.8466,-104.6562,Denver,Denver,CO,80249
W-3490579,Fog,Severe,9/10/22 14:53,9/10/22 17:07,0,US/Mountain,KDEN,39.8466,-104.6562,Denver,Denver,CO,80249
W-3490580,Rain,Light,9/10/22 17:07,9/10/22 17:47,0,US/Mountain,KDEN,39.8466,-104.6562,Denver,Denver,CO,80249
W-3490581,Fog,Severe,9/10/22 17:47,9/10/22 18:53,0,US/Mountain,KDEN,39.8466,-104.6562,Denver,Denver,CO,80249
W-3490582,Rain,Light,9/10/22 18:53,9/10/22 19:21,0,US/Mountain,KDEN,39.8466,-104.6562,Denver,Denver,CO,80249
W-3490583,Rain,Light,9/10/22 20:25,9/10/22 21:16,0.01,US/Mountain,KDEN,39.8466,-104.6562,Denver,Denver,CO,80249
W-3490584,Rain,Light,9/10/22 22:22,9/10/22 23:53,0.02,US/Mountain,KDEN,39.8466,-104.6562,Denver,Denver,CO,80249
W-3490585,Rain,Light,9/11/22 0:53,9/11/22 1:13,0,US/Mountain,KDEN,39.8466,-104.6562,Denver,Denver,CO,80249
W-3490586,Fog,Severe,9/11/22 12:01,9/11/22 14:17,0,US/Mountain,KDEN,39.8466,-104.6562,Denver,Denver,CO,80249
W-3490587,Rain,Light,9/14/22 23:53,9/15/22 2:53,0.04,US/Mountain,KDEN,39.8466,-104.6562,Denver,Denver,CO,80249
W-3490588,Rain,Light,9/16/22 1:53,9/16/22 2:53,0,US/Mountain,KDEN,39.8466,-104.6562,Denver,Denver,CO,80249
W-3490589,Rain,Light,9/21/22 21:36,9/21/22 21:53,0,US/Mountain,KDEN,39.8466,-104.6562,Denver,Denver,CO,80249
W-3490590,Rain,Light,9/21/22 22:49,9/22/22 3:53,0.19,US/Mountain,KDEN,39.8466,-104.6562,Denver,Denver,CO,80249
W-3490591,Rain,Light,9/22/22 6:53,9/22/22 12:53,0.06,US/Mountain,KDEN,39.8466,-104.6562,Denver,Denver,CO,80249
W-3490592,Rain,Light,9/30/22 23:53,10/1/22 0:53,0,US/Mountain,KDEN,39.8466,-104.6562,Denver,Denver,CO,80249
W-3490593,Rain,Moderate,10/1/22 0:53,10/1/22 1:04,0.1,US/Mountain,KDEN,39.8466,-104.6562,Denver,Denver,CO,80249
W-3490594,Rain,Light,10/1/22 2:53,10/1/22 3:53,0.02,US/Mountain,KDEN,39.8466,-104.6562,Denver,Denver,CO,80249
W-3490595,Rain,Moderate,10/1/22 4:53,10/1/22 5:53,0.11,US/Mountain,KDEN,39.8466,-104.6562,Denver,Denver,CO,80249
W-3490596,Rain,Light,10/1/22 5:53,10/1/22 6:16,0.02,US/Mountain,KDEN,39.8466,-104.6562,Denver,Denver,CO,80249
W-3490597,Rain,Light,10/1/22 23:53,10/2/22 0:07,0.07,US/Mountain,KDEN,39.8466,-104.6562,Denver,Denver,CO,80249
W-3490598,Rain,Light,10/2/22 0:37,10/2/22 0:53,0.05,US/Mountain,KDEN,39.8466,-104.6562,Denver,Denver,CO,80249
W-3490599,Rain,Light,10/2/22 16:53,10/2/22 17:53,0,US/Mountain,KDEN,39.8466,-104.6562,Denver,Denver,CO,80249
W-3490600,Rain,Light,10/4/22 1:16,10/4/22 2:53,0.08,US/Mountain,KDEN,39.8466,-104.6562,Denver,Denver,CO,80249
W-3490601,Rain,Moderate,10/4/22 2:53,10/4/22 3:53,0.16,US/Mountain,KDEN,39.8466,-104.6562,Denver,Denver,CO,80249
W-3490602,Rain,Light,10/4/22 3:53,10/4/22 4:53,0.03,US/Mountain,KDEN,39.8466,-104.6562,Denver,Denver,CO,80249
W-3490603,Fog,Moderate,10/4/22 13:53,10/4/22 14:25,0,US/Mountain,KDEN,39.8466,-104.6562,Denver,Denver,CO,80249
W-3490604,Fog,Severe,10/4/22 14:25,10/4/22 19:16,0,US/Mountain,KDEN,39.8466,-104.6562,Denver,Denver,CO,80249
W-3490605,Rain,Light,10/7/22 5:53,10/7/22 6:53,0,US/Mountain,KDEN,39.8466,-104.6562,Denver,Denver,CO,80249
W-3490606,Fog,Severe,10/7/22 10:36,10/7/22 11:37,0,US/Mountain,KDEN,39.8466,-104.6562,Denver,Denver,CO,80249
W-3490607,Fog,Severe,10/7/22 14:57,10/7/22 17:53,0,US/Mountain,KDEN,39.8466,-104.6562,Denver,Denver,CO,80249
W-3490608,Rain,Light,10/8/22 5:53,10/8/22 6:53,0,US/Mountain,KDEN,39.8466,-104.6562,Denver,Denver,CO,80249
W-3490609,Rain,Light,10/12/22 1:15,10/12/22 1:22,0,US/Mountain,KDEN,39.8466,-104.6562,Denver,Denver,CO,80249
W-3490610,Rain,Light,10/24/22 0:53,10/24/22 1:39,0,US/Mountain,KDEN,39.8466,-104.6562,Denver,Denver,CO,80249
W-3490611,Snow,Light,10/27/22 13:53,10/27/22 18:53,0.04,US/Mountain,KDEN,39.8466,-104.6562,Denver,Denver,CO,80249
W-3490612,Snow,Moderate,10/27/22 18:53,10/27/22 19:53,0.04,US/Mountain,KDEN,39.8466,-104.6562,Denver,Denver,CO,80249
W-3490613,Snow,Light,11/4/22 0:05,11/4/22 1:35,0.02,US/Mountain,KDEN,39.8466,-104.6562,Denver,Denver,CO,80249
W-3490614,Snow,Moderate,11/4/22 1:35,11/4/22 1:53,0.07,US/Mountain,KDEN,39.8466,-104.6562,Denver,Denver,CO,80249
W-3490615,Snow,Heavy,11/4/22 1:53,11/4/22 2:02,0.1,US/Mountain,KDEN,39.8466,-104.6562,Denver,Denver,CO,80249
W-3490616,Snow,Light,11/4/22 2:02,11/4/22 4:38,0.04,US/Mountain,KDEN,39.8466,-104.6562,Denver,Denver,CO,80249
W-3490617,Snow,Moderate,11/4/22 4:38,11/4/22 4:53,0.06,US/Mountain,KDEN,39.8466,-104.6562,Denver,Denver,CO,80249
W-3490618,Snow,Heavy,11/4/22 4:53,11/4/22 5:00,0.07,US/Mountain,KDEN,39.8466,-104.6562,Denver,Denver,CO,80249
W-3490619,Snow,Light,11/4/22 5:00,11/4/22 5:39,0.02,US/Mountain,KDEN,39.8466,-104.6562,Denver,Denver,CO,80249
W-3490620,Snow,Light,11/4/22 5:53,11/4/22 6:19,0.01,US/Mountain,KDEN,39.8466,-104.6562,Denver,Denver,CO,80249
W-3490621,Snow,Light,11/4/22 10:58,11/4/22 11:12,0,US/Mountain,KDEN,39.8466,-104.6562,Denver,Denver,CO,80249
W-3490622,Fog,Severe,11/4/22 13:38,11/4/22 13:53,0,US/Mountain,KDEN,39.8466,-104.6562,Denver,Denver,CO,80249
W-3490623,Fog,Severe,11/4/22 14:25,11/4/22 14:53,0,US/Mountain,KDEN,39.8466,-104.6562,Denver,Denver,CO,80249
W-3490624,Fog,Severe,11/4/22 15:12,11/4/22 16:04,0,US/Mountain,KDEN,39.8466,-104.6562,Denver,Denver,CO,80249
W-3490625,Snow,Light,11/4/22 16:04,11/4/22 16:18,0,US/Mountain,KDEN,39.8466,-104.6562,Denver,Denver,CO,80249
W-3490626,Fog,Severe,11/4/22 16:18,11/4/22 16:42,0,US/Mountain,KDEN,39.8466,-104.6562,Denver,Denver,CO,80249
W-3490627,Fog,Severe,11/9/22 12:24,11/9/22 15:30,0,US/Mountain,KDEN,39.8466,-104.6562,Denver,Denver,CO,80249
W-3490628,Fog,Severe,11/10/22 3:05,11/10/22 4:53,0,US/Mountain,KDEN,39.8466,-104.6562,Denver,Denver,CO,80249
W-3490629,Snow,Light,11/10/22 5:57,11/10/22 6:20,0,US/Mountain,KDEN,39.8466,-104.6562,Denver,Denver,CO,80249
W-3490630,Snow,Light,11/11/22 9:29,11/11/22 12:12,0,US/Mountain,KDEN,39.8466,-104.6562,Denver,Denver,CO,80249
W-3490631,Snow,Light,11/15/22 4:20,11/15/22 4:58,0,US/Mountain,KDEN,39.8466,-104.6562,Denver,Denver,CO,80249
W-3490632,Snow,Light,11/15/22 5:22,11/15/22 14:46,0.11,US/Mountain,KDEN,39.8466,-104.6562,Denver,Denver,CO,80249
W-3490633,Snow,Light,11/17/22 14:18,11/17/22 18:53,0.04,US/Mountain,KDEN,39.8466,-104.6562,Denver,Denver,CO,80249
W-3490634,Snow,Light,11/17/22 19:43,11/18/22 14:08,0.16,US/Mountain,KDEN,39.8466,-104.6562,Denver,Denver,CO,80249
W-3490635,Snow,Light,11/24/22 7:02,11/24/22 7:38,0,US/Mountain,KDEN,39.8466,-104.6562,Denver,Denver,CO,80249
W-3490636,Snow,Light,11/29/22 6:53,11/29/22 18:30,0.21,US/Mountain,KDEN,39.8466,-104.6562,Denver,Denver,CO,80249
W-3490637,Fog,Moderate,11/30/22 13:53,11/30/22 14:53,0,US/Mountain,KDEN,39.8466,-104.6562,Denver,Denver,CO,80249
W-3490638,Snow,Light,12/13/22 7:26,12/13/22 11:53,0.02,US/Mountain,KDEN,39.8466,-104.6562,Denver,Denver,CO,80249
W-3490639,Snow,Moderate,12/13/22 11:53,12/13/22 12:33,0.04,US/Mountain,KDEN,39.8466,-104.6562,Denver,Denver,CO,80249
W-3490640,Snow,Light,12/13/22 12:33,12/13/22 14:53,0.06,US/Mountain,KDEN,39.8466,-104.6562,Denver,Denver,CO,80249
W-3490641,Snow,Moderate,12/13/22 14:53,12/13/22 15:53,0.03,US/Mountain,KDEN,39.8466,-104.6562,Denver,Denver,CO,80249
W-3490642,Snow,Light,12/13/22 15:53,12/13/22 22:53,0.1,US/Mountain,KDEN,39.8466,-104.6562,Denver,Denver,CO,80249
W-3490643,Fog,Severe,12/13/22 22:53,12/13/22 22:58,0,US/Mountain,KDEN,39.8466,-104.6562,Denver,Denver,CO,80249
W-3490644,Snow,Light,12/13/22 23:28,12/13/22 23:53,0,US/Mountain,KDEN,39.8466,-104.6562,Denver,Denver,CO,80249
W-3490645,Snow,Light,12/14/22 5:16,12/14/22 6:19,0.02,US/Mountain,KDEN,39.8466,-104.6562,Denver,Denver,CO,80249
W-3490646,Snow,Light,12/21/22 23:30,12/22/22 2:53,0.01,US/Mountain,KDEN,39.8466,-104.6562,Denver,Denver,CO,80249
W-3490647,Snow,Moderate,12/22/22 2:53,12/22/22 3:53,0.1,US/Mountain,KDEN,39.8466,-104.6562,Denver,Denver,CO,80249
W-3490648,Snow,Heavy,12/22/22 3:53,12/22/22 3:57,0.12,US/Mountain,KDEN,39.8466,-104.6562,Denver,Denver,CO,80249
W-3490649,Snow,Light,12/22/22 3:57,12/22/22 4:40,0.02,US/Mountain,KDEN,39.8466,-104.6562,Denver,Denver,CO,80249
W-3490650,Snow,Moderate,12/22/22 4:40,12/22/22 6:04,0.13,US/Mountain,KDEN,39.8466,-104.6562,Denver,Denver,CO,80249
W-3490651,Snow,Light,12/22/22 6:04,12/22/22 8:28,0.02,US/Mountain,KDEN,39.8466,-104.6562,Denver,Denver,CO,80249
W-3490652,Cold,Severe,12/22/22 8:28,12/22/22 8:53,0,US/Mountain,KDEN,39.8466,-104.6562,Denver,Denver,CO,80249
W-3490653,Snow,Light,12/22/22 8:53,12/22/22 9:53,0.02,US/Mountain,KDEN,39.8466,-104.6562,Denver,Denver,CO,80249
W-3490654,Cold,Severe,12/22/22 9:53,12/22/22 20:53,0,US/Mountain,KDEN,39.8466,-104.6562,Denver,Denver,CO,80249
W-3490655,Cold,Severe,12/23/22 1:53,12/23/22 9:53,0,US/Mountain,KDEN,39.8466,-104.6562,Denver,Denver,CO,80249
W-3490656,Snow,Light,12/26/22 8:46,12/26/22 10:32,0,US/Mountain,KDEN,39.8466,-104.6562,Denver,Denver,CO,80249
W-3490657,Snow,Light,12/26/22 11:40,12/26/22 12:21,0,US/Mountain,KDEN,39.8466,-104.6562,Denver,Denver,CO,80249
W-3490658,Rain,Light,12/28/22 22:53,12/29/22 1:57,0.26,US/Mountain,KDEN,39.8466,-104.6562,Denver,Denver,CO,80249
W-3490659,Snow,Moderate,12/29/22 2:09,12/29/22 2:53,0.08,US/Mountain,KDEN,39.8466,-104.6562,Denver,Denver,CO,80249
W-3490660,Snow,Heavy,12/29/22 2:53,12/29/22 3:06,0.1,US/Mountain,KDEN,39.8466,-104.6562,Denver,Denver,CO,80249
W-3490661,Snow,Light,12/29/22 3:06,12/29/22 3:53,0.01,US/Mountain,KDEN,39.8466,-104.6562,Denver,Denver,CO,80249
W-3490662,Snow,Heavy,12/29/22 3:53,12/29/22 4:59,0.24,US/Mountain,KDEN,39.8466,-104.6562,Denver,Denver,CO,80249
W-3490663,Snow,Light,12/29/22 4:59,12/29/22 5:50,0.01,US/Mountain,KDEN,39.8466,-104.6562,Denver,Denver,CO,80249
W-3490664,Snow,Heavy,12/29/22 5:50,12/29/22 6:53,0.19,US/Mountain,KDEN,39.8466,-104.6562,Denver,Denver,CO,80249
W-3490665,Snow,Moderate,12/29/22 6:53,12/29/22 7:53,0.05,US/Mountain,KDEN,39.8466,-104.6562,Denver,Denver,CO,80249
W-3490666,Snow,Light,12/29/22 7:53,12/29/22 8:53,0.02,US/Mountain,KDEN,39.8466,-104.6562,Denver,Denver,CO,80249
W-3490667,Snow,Moderate,12/29/22 8:53,12/29/22 9:34,0.03,US/Mountain,KDEN,39.8466,-104.6562,Denver,Denver,CO,80249
W-3490668,Snow,Light,12/29/22 9:34,12/29/22 11:25,0.03,US/Mountain,KDEN,39.8466,-104.6562,Denver,Denver,CO,80249